Nombre|Direccion|Telefono|correo
Timothy Mcdaniel|Qu�bec City|1-849-239-2288|vulputate.posuere.vulputate@Donecelementumlorem.net
Allen Dalton|Valcourt|1-579-105-8331|dui@sed.ca
Stephen Mcconnell|Wilmington|595-5183|sem@euaugueporttitor.edu
Elmo England|Hines Creek|1-162-298-2277|id.blandit.at@fringilla.ca
Oleg Ashley|Canora|1-615-875-7188|tempus@laciniamattis.org
Armand Cruz|Alcobendas|101-9444|ipsum.dolor@NullainterdumCurabitur.edu
Slade Terrell|Brisbane|1-923-912-1125|Vivamus.euismod.urna@sitamet.com
Philip House|Kano|1-189-883-6108|leo.Morbi.neque@auctorvelit.org
Phillip Justice|Saint-Urbain|786-9515|dictum.Proin.eget@justo.ca
Colt Campbell|Ambattur|1-459-458-1371|sapien@sapienimperdietornare.co.uk
Hamilton Boone|Presles|1-323-356-0412|magna.a@malesuada.ca
Nash Graves|Steendorp|1-568-677-7157|montes.nascetur@Pellentesquehabitantmorbi.ca
Donovan Ferguson|Vezirköprü|1-196-724-6579|Sed@Sednuncest.com
Chadwick Ramsey|Perchtoldsdorf|957-4272|fringilla@hendreritconsectetuercursus.org
Clarke Bishop|Gwalior|1-348-659-7881|in.hendrerit@cursus.com
Eaton Myers|Köthen|616-4827|augue.ac.ipsum@molestiesodales.co.uk
Demetrius Avery|Meerut Cantonment|181-0553|id.enim@duiCraspellentesque.co.uk
Xanthus Shepard|Tullibody|1-350-611-8148|sit@euodioPhasellus.edu
Lee Livingston|Chestermere|125-2099|Phasellus@Nuncut.edu
Wylie Fischer|Wolfville|1-167-939-8174|Nunc@hendreritDonec.net
Daquan James|Saint-Pierre|1-698-689-2955|vel@Integervulputate.com
Ahmed Peters|Blumenau|1-520-298-8540|habitant.morbi@faucibus.co.uk
Yasir Baldwin|Cannock|1-680-375-0153|dictum@hendreritDonec.ca
Bernard Hall|Ninhue|1-684-533-8646|pede.nonummy@etnuncQuisque.net
Basil Aguirre|Lincoln|1-862-373-7936|ligula@molestiesodalesMauris.co.uk
Christian Mejia|Puqueldón|683-1383|massa@posuereatvelit.ca
Craig Watkins|Villers-le-Peuplier|1-390-241-6615|Nullam.nisl.Maecenas@odio.co.uk
Keaton Singleton|Campomorone|1-441-742-3707|Nunc@Quisque.co.uk
Scott Cross|Mendonk|1-576-709-9945|Duis.a.mi@sagittisfelis.net
Demetrius Patterson|Oudenburg|1-436-636-2185|aliquet.Phasellus.fermentum@enim.org
Ronan Lloyd|Eckville|731-8819|ultrices@pedePraesenteu.co.uk
Grady Carney|Chaitén|497-4300|Curabitur.massa@neque.edu
Kuame Huff|Rüsselsheim|127-3220|vehicula.Pellentesque.tincidunt@perinceptoshymenaeos.org
Keane Sampson|Ely|1-668-591-5106|Aenean.sed@felis.com
Ira Nieves|Bromyard|1-871-670-2257|sit@elit.net
Coby Sharpe|Saint-Dizier|547-7488|mollis.lectus@interdumliberodui.com
Tanek Hurst|Carlton|941-9403|metus.facilisis.lorem@Quisquefringillaeuismod.com
Preston Mckay|Siena|1-103-696-6428|sem.eget@cursuspurus.org
Kaseem Lucas|Davenport|1-346-492-0854|Curabitur@auctor.net
Jonah Glenn|Tumbler Ridge|1-309-183-6471|lorem@turpis.net
Mohammad Roth|Houston|923-9447|odio.auctor@Fuscefermentumfermentum.com
Coby Walsh|Midlands|127-4734|sagittis.placerat.Cras@vestibulum.org
Bert Drake|Sint-Laureins-Berchem|1-172-715-1440|Pellentesque@velitegestas.ca
Honorato Pugh|Genk|1-466-221-5317|enim.Suspendisse.aliquet@condimentum.org
Francis Moreno|Reyhanlı|496-6060|lectus.Cum.sociis@Naminterdum.co.uk
Slade Kline|Dumfries|1-322-419-8086|Integer@arcu.org
Kermit Warren|Rollegem|326-1959|parturient.montes.nascetur@sociisnatoque.edu
Dylan Small|Lakeland County|1-746-813-3400|ipsum@auctornuncnulla.net
Cody Barry|Asti|518-9376|lorem.ipsum.sodales@Cras.co.uk
Rooney Glover|Bellary|870-8914|scelerisque.dui@Phasellus.org
Brent Christensen|Bhatinda|1-446-833-8577|et.commodo@Quisqueporttitoreros.ca
Brent Powers|Randazzo|1-140-994-6296|quis.diam.luctus@egetvarius.com
Sean Lyons|Mount Isa|1-768-535-7598|Duis.volutpat@posuereenimnisl.com
Hakeem Rutledge|Watermaal-Bosvoorde|1-266-831-0351|blandit.Nam.nulla@sitametnulla.ca
Arthur Avery|St. Veit an der Glan|1-309-464-3659|posuere@ornarelectusjusto.co.uk
Owen Mcdonald|Redwater|1-761-313-9487|blandit@convallis.co.uk
Yardley Johnson|Bloomington|314-3176|ligula.Aenean.gravida@orci.ca
Stone Lambert|Zaltbommel|858-8279|rutrum.non@Aliquam.com
Aladdin Cochran|Airdrie|716-8968|vitae.erat.vel@Duis.co.uk
Alexander Chen|Ellesmere Port|1-412-176-6773|Praesent@variuseteuismod.com
Vladimir Vaughn|Villata|1-505-816-0954|nec.enim.Nunc@mauris.co.uk
Raja Lott|Fort Wayne|826-4815|lacus.vestibulum@sem.ca
Edward Mcbride|Ujjain|1-883-588-3250|mi@Quisqueimperdiet.co.uk
Barrett Santiago|Poggio Berni|1-874-599-6889|a.auctor@at.com
Thaddeus Bonner|Salcito|1-912-786-5139|morbi.tristique@Crasdictumultricies.edu
Clarke Parker|Villata|628-6790|Nullam.enim.Sed@fringillaporttitorvulputate.edu
Robert Delgado|Vico nel Lazio|558-0337|ut.nisi@quis.edu
Caleb Warner|Gosnells|663-8092|nec@luctusvulputatenisi.net
Coby Fitzgerald|Dortmund|862-5273|ridiculus.mus.Proin@vitae.ca
Gannon Melton|Arlon|978-7400|nascetur@justo.org
Charles Sellers|Abergele|303-7377|ultricies@risusInmi.org
Damon Day|Vorselaar|983-8930|lacinia.mattis@cursusNunc.ca
Nehru Thomas|Grey County|417-3388|sem.ut@Nunc.ca
Elvis Guthrie|Knoxville|406-7393|Duis.at@sem.org
Lamar Knight|ThimŽon|1-607-929-4321|ipsum@purusNullamscelerisque.com
Basil Mccullough|Ilkeston|186-6555|Quisque.porttitor.eros@consectetuereuismod.net
Allen Rosa|Santu Lussurgiu|456-3784|dolor.Donec@orci.com
Ahmed Dale|Palermo|556-9777|et@dui.net
Nicholas Gaines|Markham|1-147-430-3304|ipsum.leo.elementum@interdumNuncsollicitudin.edu
Elvis Spencer|Atlanta|762-0129|massa@tinciduntadipiscingMauris.edu
Garrison Berger|Antártica|584-0573|vel@egetmetus.ca
Tanner Brown|Gifhorn|1-940-150-8543|ligula.Donec.luctus@rutrum.ca
Evan Davis|Isle-aux-Coudres|431-3643|Aliquam.vulputate@eratVivamusnisi.co.uk
Brett Rush|Caplan|616-6501|Mauris@mitemporlorem.net
Rudyard Baird|Grave|455-7723|augue@sedleo.net
Emmanuel Gonzales|Runcorn|1-992-877-9381|Curabitur.ut@metussit.net
Valentine Stewart|Batiscan|1-112-829-5555|sagittis@elitfermentum.ca
Christian Wilson|Rosenheim|1-472-777-1435|porttitor.vulputate@consectetuer.com
Reed Acevedo|Rutten|1-882-509-5567|sit.amet.dapibus@idmagna.com
Cruz Carr|Haasdonk|109-4353|fermentum.arcu@semmolestiesodales.org
Sean Perry|Luzzara|540-5416|Quisque.nonummy@sapien.org
Vladimir Brady|Futaleufú|1-622-742-6509|lacus.vestibulum.lorem@urna.org
Edward Owen|Laarne|1-123-494-8481|libero.Donec@turpis.net
Dominic Acevedo|New Westminster|246-0593|posuere@feugiatnec.edu
Branden Conley|Sankt Johann im Pongau|1-250-873-6326|imperdiet.ullamcorper.Duis@Aliquamvulputate.net
Lucius Cooley|Anderlues|408-8220|sed.sapien.Nunc@Etiamlaoreetlibero.net
Amery Payne|Caplan|562-9627|pharetra@etrutrumnon.edu
Chandler Padilla|Esslingen|1-753-431-6550|Suspendisse.eleifend.Cras@enimdiamvel.edu
Odysseus Phillips|Moircy|906-0390|a@risusMorbimetus.ca
Linus Wilder|Gouvy|622-0500|eu@neque.org
María Guadalupe|Mexico DF|55-154-1656|juribe@idiomas.udea.edu.co
María del Carmen|Aguascalientes|449-4546-265|hersy@epm.net.co
Margarita|Mexicali|686-264-16-12|jferdusi@terra
Elizabeth|La Paz|612-558-4965|onaranjo@idiomas.edu.co
Alejandra|San Francisco de Campeche|981-254835|urestrepo @idiomas.udea.edu.co
Leticia|Tuxtla Gutierrez|961-15145515|urestrepo @idiomas.udea.edu.co
María Elena|Chihuahua|61454191-2649| dcanas@idiomas.udea.edu.co
Gabriela|Coahuila de Zaragoza|844-5165432| julianaparis@hotmail.com
María de los Ángeles|Colima|312-515482354| juanspider39@hotmail.com
Patricia|Durango|618-18161649|aguevara@idiomas.udea.edu.co
Holga|Guanajuato|473-166325522|aguevara@idiomas.udea.edu.co
Josefina|Guerrero|747-14862035| jhutado@ idomas.udea.edu.co
María de Jesús|Hidalgo|771-06565636|domini26@latinmail.com
Rosa|Jalisco|33-265-269-65|domini26@latinmail.com
Teresa|Toluca de Lerdo|722-114-4568| juandavidlopez@ubicar.com
Francisca|Michoacan de Ocampo|443-632568-2|nakjuandavidlopez@ubicar.com
Adriana|Cuernavaca|777-15165-25666|vivian_981@yahoo.com
Yolanda|Tepic|311-1546-44|vivian_981@yahoo.com
Martha|Monterrey|81-1546-454|andresiocarga@hotmail.com
María Isabel|Oaxaca de Juarez|951-157-23-54|andresiocarga@hotmail.com
Silvia|Puebla de Zaragoza|222-159-165| yessy_39@hotmail.com
Ana María|Santiago de Queretaro|658-1669-66| ashida_barak@yahoo.com
María del Rosario|Chetumal|983-1548|vJm.fdez_8B@hotmail.com
Gloria|San Luis Potosi|444-15-26|menadel@hotmail.com
Gloria|Culiacan|667-514-246-2|m.fdez_87@hotmail.com
María Luisa|Hermosillo|662-5459-354|einald_34@hotmail.com
Hermelinda|Villahermosa|993-322-24-54|ibrahin@cied.rimed.cu
Juanita|Ciudad Victoria|834-14-254-24|abhvibrahin@cied.rimed.cu
Andrea|Tlaxcala de Xicohtencatl|246-454-465|anhodh@gmail.com
Quynn|NB|951-868-81-69|iaculis@quis.ca
Kimberly|WA|951-815-00-23|Nam.ac.nulla@cursus.net
Xantha|San José|951-416-41-91|ultrices.mauris.ipsum@acliberonec.ca
Wendy|Ogun|951-446-24-02|lorem.vehicula@purusmaurisa.org
Helen|Carmarthenshire|951-712-99-87|orci.consectetuer.euismod@est.co.uk
Raven|ME|951-217-30-39|magna.malesuada@nequeNullamut.org
Reagan|NF|951-618-08-08|risus@orcisem.com
Hyacinth|Ist|951-335-21-50|ridiculus.mus.Proin@egestasblanditNam.net
Dorothy|PUG|951-084-71-59|enim@eulacusQuisque.ca
Cally|PK|951-222-24-43|tellus.sem.mollis@Nuncmauriselit.com
Galena|Uttarakhand|951-009-31-89|vitae.sodales@id.edu
Alma|Bremen|951-052-39-03|felis.Nulla.tempor@tempusnonlacinia.edu
Charissa|VII|951-350-80-87|dignissim.lacus.Aliquam@elementumdui.co.uk
Selma|N.|951-694-67-02|posuere.cubilia@consectetuer.co.uk
Kirsten|Bahia|951-410-28-00|Integer.sem@Nullatempor.net
Chiquita|AN|951-694-73-42|ultrices.Vivamus@Etiamimperdietdictum.org
Meghan|BE|951-934-05-27|aliquet@scelerisqueloremipsum.ca
Quincy|Metropolitana de Santiago|951-505-94-55|auctor.velit@vulputate.edu
Jacqueline|Zeeland|951-840-88-49|lobortis.augue.scelerisque@nequeSed.co.uk
Kirby|Jönköpings län|951-876-73-90|et@tempus.net
Iola|British Columbia|951-473-14-72|fermentum.arcu.Vestibulum@Maecenasornareegestas.com
Kameko|West Bengal|951-410-51-34|amet.nulla@dolorquamelementum.org
Quemby|Yukon|951-305-16-42|est@congueIn.org
Althea|BR|951-204-23-29|justo.Proin@acturpisegestas.co.uk
Ayanna|MP|951-917-51-71|sem.vitae.aliquam@accumsanconvallisante.co.uk
Cailin|LA|951-661-43-13|metus@elita.co.uk
Lenore|ON|951-415-24-80|magnis.dis.parturient@Praesenteudui.co.uk
Hermione|Alberta|951-336-96-25|turpis.Nulla@pede.ca
Mechelle|Vienna|951-734-29-31|nulla.In.tincidunt@dictum.com
Doris|Östergötlands län|951-304-24-01|fermentum.vel.mauris@Curabiturmassa.net
Brenda|Rivers|951-307-91-02|nec.luctus.felis@elitEtiamlaoreet.net
Whoopi|IN|951-758-48-60|lacus.varius.et@ut.ca
Willow|N.|951-519-47-47|eleifend.non@natoque.net
Hope|ON|951-967-94-35|vulputate.lacus@nibh.edu
Vielka|OK|951-256-95-54|Phasellus.elit.pede@estvitae.ca
Leandra|Koc|951-824-78-11|Vivamus@dolor.co.uk
Ingrid|L|951-919-37-20|orci.lobortis.augue@semelitpharetra.ca
Nita|New South Wales|951-656-90-33|Aliquam.erat.volutpat@estconguea.co.uk
Fay|San José|951-866-86-88|sem.egestas@Aliquamnisl.co.uk
Shelly|Île-de-France|951-102-36-42|vitae.diam.Proin@pedeNuncsed.net
Yolanda|PA|951-683-95-96|Quisque.imperdiet@Uttincidunt.com
Wynne|OV|951-292-08-23|id@iaculis.net
Maryam|NI|951-564-81-08|eget@idantedictum.ca
Kiona|VII|951-128-33-95|enim@nibhdolor.edu
Dana|LD|951-752-14-92|ipsum.non.arcu@sollicitudin.com
Ciara|HB|951-272-94-41|tellus@vitaerisusDuis.net
Miranda|LX|951-760-65-91|sem.egestas.blandit@nullaDonecnon.edu
Christine|SJ|951-125-81-02|dictum.eu.placerat@eudolor.org
Daphne|QLD|951-905-93-96|sed.libero@nec.edu
Melodie|ST|951-209-76-39|Etiam@nuncQuisqueornare.ca
Holly|MU|951-586-28-20|tempor.diam@elementumloremut.ca
Martena|Kirkcudbrightshire|951-096-21-50|diam.luctus@odioAliquam.ca
Sloane|AQ|951-415-85-35|ac@fringillaporttitor.org
Lisandra|AZ|951-360-60-50|at.lacus@Quisque.ca
Indigo|Ist|951-759-57-44|per.inceptos.hymenaeos@venenatis.edu
Keelie|Bremen|951-649-66-82|ut.lacus@cursusluctusipsum.edu
Natalie|Metropolitana de Santiago|951-196-81-27|arcu.vel@nostraperinceptos.co.uk
Naomi|Ontario|951-703-15-94|Nunc@felisorci.co.uk
Zephr|Metropolitana de Santiago|951-403-99-06|cursus@dolor.org
Inez|Maryland|951-645-48-22|arcu.Nunc@urnanecluctus.ca
Zena|BO|951-834-86-35|odio.Phasellus@malesuada.co.uk
Laura|AK|951-882-03-09|nisl.elementum@fringilla.co.uk
Wyoming|RJ|951-459-15-48|risus.Donec@amalesuadaid.edu
Nicole|SI|951-224-85-36|a.aliquet@Suspendissealiquet.edu
Dorothy|Vbg|951-886-68-82|gravida@vel.com
Noelani|West Bengal|951-941-32-68|posuere.enim@nunc.com
McKenzie|BY|951-919-97-32|ligula.Nullam.enim@quamquisdiam.com
Lois|Bretagne|951-767-90-63|ac.mattis@quisurnaNunc.org
Blossom|Rio de Janeiro|951-820-38-55|rhoncus.Donec.est@nequesedsem.edu
Stephanie|Leinster|951-732-69-19|non@nonjusto.co.uk
Britanney|IN|951-737-07-42|turpis@montes.edu
Amela|Paraná|951-209-43-97|dictum.cursus.Nunc@hendrerit.com
India|ON|951-853-09-29|nec.diam.Duis@feugiatnonlobortis.com
Jordan|Utah|951-374-08-33|augue@duinec.ca
Jana|MU|951-587-38-29|augue.Sed.molestie@mifringilla.com
Joy|Vlaams-Brabant|951-915-66-82|et.magnis@velitjusto.edu
Shelly|East Lothian|951-234-72-11|Fusce@lectusante.org
Adrienne|AB|951-815-96-56|ornare.lectus@loremeget.org
Adara|Campania|951-053-28-18|enim@volutpat.edu
Hadley|QC|951-878-95-30|Vivamus@ridiculus.co.uk
Shafira|Västra Götalands län|951-398-84-62|a@diam.edu
Desiree|Ist|951-475-04-02|lectus.ante.dictum@semperNam.com
Bethany|Lombardia|951-856-13-39|arcu@idsapienCras.co.uk
Haviva|Vienna|951-410-55-78|orci.Ut.sagittis@volutpatornarefacilisis.org
Zoe|O|951-733-12-96|ac.tellus.Suspendisse@odio.edu
Scarlet|Upper Austria|951-465-57-40|cursus@enimNuncut.ca
Gillian|Andalucía|951-321-90-04|elit.a@nislsemconsequat.com
Portia|Veneto|951-874-79-80|mauris.sit.amet@felisegetvarius.co.uk
Jayme|DS|951-291-11-26|Ut.tincidunt@laciniamattis.com
Yael|Delhi|951-166-24-18|Lorem@non.org
Christine|Jönköpings län|951-125-82-58|arcu@sodaleseliterat.com
Sandra|San José|951-043-51-33|lorem.ipsum.sodales@anteipsumprimis.com
Kiara|Michigan|951-884-67-17|suscipit@orcisemeget.edu
Juliet|BR|951-178-10-09|Duis@Curabitursed.com
Hayley|CA|951-014-89-26|erat.semper@auctorvelitAliquam.edu
Buffy|Ant|951-029-81-37|sed.sapien.Nunc@Cumsociis.com
Eden|Zeeland|951-678-79-73|dolor@diamloremauctor.ca
Macey|Rio Grande do Sul|951-854-65-11|facilisis.magna.tellus@acmattis.edu
Kylynn|MA|951-167-47-34|tristique.senectus.et@Integer.com
Gillian|A|951-066-70-93|quis.pede.Praesent@nonenim.ca